{
    "reprojection_error": 0.3931678611386032,
    "camera_matrix": {
        "fx": 1188.6344695287978,
        "fy": 1182.8054842288388,
        "cx": 1014.8018679394617,
        "cy": 773.4621700363019
    },
    "distortion_coefficients": {
        "k1": -0.09609009705076997,
        "k2": 0.0636733390736523,
        "p1": 0.0016047994221712145,
        "p2": -0.0019253376135264463,
        "k3": 0.009738577496836239
    },
    "image_width": 2048,
    "image_height": 1536
}