{
    "reprojection_error": 0.4679647145549986,
    "camera_matrix": {
        "fx": 1889.8249445634585,
        "fy": 1888.7520824652288,
        "cx": 1067.9047429712716,
        "cy": 732.5219224461541
    },
    "distortion_coefficients": {
        "k1": 0.009415950701517723,
        "k2": -0.471552927752306,
        "p1": -7.687268059562832e-05,
        "p2": 0.002286611564474636,
        "k3": 1.4021542235330922
    },
    "image_width": 2048,
    "image_height": 1536
}